{
	"__v": 0,
	"_id": {
		"$oid": "552e6b6a3271bc1a1dd91dd6"
	},
	"subject_name": "Math",
	"user": {
		"$oid": "548c36c78738fdec1c1f1918"
	}
}
{
	"__v": 0,
	"_id": {
		"$oid": "552e6bbfa8fa32551de0e3b9"
	},
	"subject_name": "Math1",
	"user": {
		"$oid": "548c36c78738fdec1c1f1918"
	}
}
{
	"__v": 0,
	"_id": {
		"$oid": "552e6beaa8fa32551de0e3ba"
	},
	"subject_name": "Math12",
	"user": {
		"$oid": "548c36c78738fdec1c1f1918"
	}
}
{
	"__v": 0,
	"_id": {
		"$oid": "552f824a5c556a541ff1899c"
	},
	"subject_name": "My Subject",
	"user": {
		"$oid": "548c36c78738fdec1c1f1918"
	}
}
{
	"__v": 0,
	"_id": {
		"$oid": "552f82995c556a541ff189a0"
	},
	"subject_name": "My subj2",
	"user": {
		"$oid": "548c36c78738fdec1c1f1918"
	}
}
{
	"_id": {
		"$oid": "5537bc045ac857a701fe5068"
	},
	"subject_name": "ccc",
	"user": "548c36c78738fdec1c1f1918"
}
{
	"_id": {
		"$oid": "5537bc3d69ddbdc20163a128"
	},
	"subject_name": "ddd",
	"user": "548c36c78738fdec1c1f1918"
}
{
	"_id": {
		"$oid": "5537bc72909fdfda01e62008"
	},
	"subject_name": "eee",
	"user": "548c36c78738fdec1c1f1918"
}
{
	"_id": {
		"$oid": "5537bc825fee28f401bf86ef"
	},
	"subject_name": "fff",
	"user": "548c36c78738fdec1c1f1918"
}
